lot_id;supplier_inn;supplier_kpp;is_winner
4257576;7707049388;784201001;true
4633163;7605016030;763945001;true
4652711;6.362E+11;780601001;false
4652711;7804428656;780601001;true
4652720;7814778459;781401001;false
4652720;7802023485;780201001;true
4652729;7842022015;784201001;false
4652729;7802587594;780201001;true
4652729;7838318965;781701001;false
4652729;7811341244;781301001;false
4652729;7816562720;781601001;false
4652741;7816562720;781601001;false
4652741;7811383967;781101001;true
4652745;7810729926;781001001;true
4657003;7801598804;780101001;false
4657003;7.80602E+11;;true
4657003;7802945419;780201001;false
4726979;4710011460;781101001;false
4726979;7840099816;784001001;false
4749584;7826732280;783801001;true
4749585;7803037353;781301001;true
4749586;7806410527;780601001;true
4749587;7806410527;780601001;true
4749588;6663003127;997750001;true
4760041;7838394959;783801001;true
4760041;7842195843;784201001;false
4760042;7807133548;780501001;false
4760042;7811726371;781101001;false
